username;discord_id
himanshugupta.396;861866796977225769
rupamgumber38_48;d
explorin_vedant11;627117453515816970
vikram_74;780416640771686400
mohitrajbhar49_38;665931236660871181
sandeep_k_85;779638317556957184
akash_t_72;792017160276934666
sparsh.gupta6077_81;760486326809133132
mohitverma0612_1;726164311487152229
rohan_km_24;774998971637563442
lomsha_45;788034497009811457
rishabhranjan411_61;760904008780218398
manan_j_40;771235698933760001
dasari_s_15;788965179278360586
priyanka_k_87;775596963839475712
daminikalthiya2410_49;801518661751930941
rupashreepradhan2002_8;775194941932306493
mohit_g_14;822772429356531732
iasnavu748_74;774263627137941516
rraman0923_67;781841963833098260
utkarsh2304003_27;774643622808518696
huddaravina236_85;784779784155955201
mahirgupta163_52;769621698843901962
rohit_l_99;708185740776833064
rahul_b_12;699634548098727987
ishans.iitr_68;538734149914198017
smarcha_13;736967426427846720
priyanka_g_46;782873374267277333
vinayak_sp_60;760825840174104596
satyaki_k_62;756392499479838781
divyansh_s_56;747721896258437241
rajkumar_c_35;779930520216797206
sarthak_j_66;759799182319681557
sudhanshumaheshwari559_46;591250704388063233
ashitanihore;786206706765266975
modi_sp;769596033252196382
prashantgupta3010;780978774753804300
tarang_t831;779745975900045333
priyanshi_g;831833859380871218
shreyas_ad021;760075764384530433
jeet_977;919225956269432832
shivam_799;747808089045991515
vaibhav_151;873104765788254218
Tanishq_393;791755218182209546
rupam_818;751843249907433606
mansha_859;960077807524913162
parth_28;732913744073588746
satyarth_995;928241704933421076
mehak_10;895759923663757333
mohitfageria_261;822454982086361088
rajg_212;974563089615814696
atharva_487;907864647883960370
yogesh_867;780076718760263702
swapnil_512;742651999492767865
Tirth_310;896067731412115467
aakash_732;964101551008415745
sherry_687;733245210565410827
anujexplorin_39;801665653467643944
chandan_60;955300728837144616
kriti_35;830865282637627405
ishant_27;917642917106028615
vivekk_31;917097709813502023
ikshuda_25;761172298966761512
nikhill_15;723497640679178280
udit_60;772027363969728553
puneet_99;976544103493943296
neha_74;979691594741596215
ritesh_30;780957051232845864
Shivji_14;943410128248528896
sumit_20;782230252990103552
hemant_97;786272216199069717
saurabh_34;786210266282852364
sejal_43;797676580989435914
kishlaycogni_90;747173110108782643
whoami_55;930506610642653234
raman_69;913621984473120819
vaishnav_90;768086391300030465
simmi_87;895641956225544212
yashasvi_55;924610363159371776
None_30;802103516017328129
dreamer13_53;778598667832918027
dreamer23_51;792711706287013888
dreamer27_22;910049607449452564
dreamer31_30;814402566342443009
dreamer33_24;756781443954376815
dreamer34_7;440780147264716809
dreamer36_12;921791455050207242
dreamer37_86;981477272550797314
dreamer38_17;985077940842795088
dreamer42_86;750977006979514438
dreamer44_39;982343536148099072
rizull_76;791717944005492776
riship_48;568484612108582913
nitinn_14;919100081007890452
Sanskaar__21;982985078235856966
Nidhi_92;910884142600839188
satyam_36;841045729745436693
Deepika_0;778617154433056799
pritam_27;839184902560808991
soniya_56;985861340763652106
kajal_14;794624379450425425
Prathamesh_Patil_85;816311518974705685
Anuraj_Shrivastava_28;785569863459799040
Srishti_96;816297447956676619
Ayushi_Bhairam_94;760471929567445062
Tasin_74;786204926892048384
Sushant_0;776868834828091415
Swaraj_Jagade_43;800293978947584052
Hridyansh_singhal_31;920197466714951711
Dishant_Vishwakarma_97;768035156186628127
Nida_Khan_83;817301335757684777
Abhi_95;892332006392881192
Lalit_61;836105386985521152
RASHIL_SHAH_13;849878734777614388
no_69;928255600339583017
Himanshu_Ranjan_33;664114615608803338
PRAKASH_TANDI_37;824225043416350730
Azad_Singh_71;692548575808454766
Archita_61;987013325403611178
Jeya_kumar_96;791663308742066186
Aman_deoli_50;987025738098167829
Pinaki_9;987418675961274398
Honey_Agrawal_29;924326467293286430
Dhana_Srinivas_64;897504188945281044
Ankan_86;777953186350104656
karanbn_77;436861717658730496
